00:59:54,062963070af5,pygrid_bob_1,0.03,104.7MiB,4.851GiB,2.11,0B,0B, 0B,115kB, 4
00:59:57,062963070af5,pygrid_bob_1,0.02,104.8MiB,4.851GiB,2.11,0B,0B, 0B,115kB, 4
01:00:00,062963070af5,pygrid_bob_1,0.02,104.8MiB,4.851GiB,2.11,0B,0B, 0B,115kB, 4
01:00:03,062963070af5,pygrid_bob_1,0.64,169.6MiB,4.851GiB,3.41,0B,0B, 0B,19.4MB,4
01:00:06,062963070af5,pygrid_bob_1,3.51,169.6MiB,4.851GiB,3.41,0B,0B, 0B,19.7MB,4
01:00:09,062963070af5,pygrid_bob_1,14.05,169.6MiB,4.851GiB,3.41,0B,0B, 0B,23.8MB,4
01:00:12,062963070af5,pygrid_bob_1,17.56,184.5MiB,4.851GiB,3.71,0B,0B, 0B,28.1MB,4
01:00:15,062963070af5,pygrid_bob_1,14.10,204MiB,4.851GiB, 4.11,0B,0B, 0B,32.2MB,4
01:00:18,062963070af5,pygrid_bob_1,17.93,225MiB,4.851GiB, 4.53,0B,0B, 0B,36.6MB,4
01:00:21,062963070af5,pygrid_bob_1,3.13,233.1MiB,4.851GiB,4.69,0B,0B, 0B,38.2MB,4
07:09:00,da8785a4e074,pygrid_bob_1,0.02,104.7MiB,4.851GiB,2.11,0B,0B, 0B,115kB, 4
07:09:03,da8785a4e074,pygrid_bob_1,0.04,104.8MiB,4.851GiB,2.11,0B,0B, 0B,115kB, 4
07:09:06,da8785a4e074,pygrid_bob_1,12.59,113.5MiB,4.851GiB,2.28,0B,0B, 0B,115kB, 4
07:09:09,da8785a4e074,pygrid_bob_1,0.02,169.6MiB,4.851GiB,3.41,0B,0B, 0B,19.4MB,4
07:09:12,da8785a4e074,pygrid_bob_1,4.33,169.6MiB,4.851GiB,3.41,0B,0B, 0B,19.7MB,4
07:09:15,da8785a4e074,pygrid_bob_1,14.57,169.6MiB,4.851GiB,3.41,0B,0B, 0B,23.8MB,4
07:09:18,da8785a4e074,pygrid_bob_1,14.40,184.5MiB,4.851GiB,3.71,0B,0B, 0B,27.8MB,4
07:09:21,da8785a4e074,pygrid_bob_1,14.62,204MiB,4.851GiB, 4.11,0B,0B, 0B,31.9MB,4
07:09:24,da8785a4e074,pygrid_bob_1,14.59,223.5MiB,4.851GiB,4.50,0B,0B, 0B,36MB,4
07:09:27,da8785a4e074,pygrid_bob_1,3.22,234.6MiB,4.851GiB,4.72,0B,0B, 0B,38.2MB,4
01:00:21,062963070af5,pygrid_bob_1,3.13,233.1MiB,4.851GiB,4.69,0B,0B, 0B,38.2MB,4
01:00:24,062963070af5,pygrid_bob_1,0.03,233.1MiB,4.851GiB,4.69,0B,0B, 0B,38.2MB,4
01:00:27,062963070af5,pygrid_bob_1,0.02,233.1MiB,4.851GiB,4.69,0B,0B, 0B,38.2MB,4
01:00:30,062963070af5,pygrid_bob_1,0.03,233.1MiB,4.851GiB,4.69,0B,0B, 0B,38.2MB,4
01:00:33,062963070af5,pygrid_bob_1,0.03,233.1MiB,4.851GiB,4.69,0B,0B, 0B,38.2MB,4
01:00:36,062963070af5,pygrid_bob_1,0.03,233.1MiB,4.851GiB,4.69,0B,0B, 0B,38.2MB,4
01:00:39,062963070af5,pygrid_bob_1,0.02,233.1MiB,4.851GiB,4.69,0B,0B, 0B,38.2MB,4
01:00:42,062963070af5,pygrid_bob_1,0.02,233.1MiB,4.851GiB,4.69,0B,0B, 0B,38.2MB,4
01:00:45,062963070af5,pygrid_bob_1,0.03,233.1MiB,4.851GiB,4.69,0B,0B, 0B,38.2MB,4
01:00:48,062963070af5,pygrid_bob_1,0.03,233.1MiB,4.851GiB,4.69,0B,0B, 0B,38.2MB,4
01:00:51,062963070af5,pygrid_bob_1,0.02,233.1MiB,4.851GiB,4.69,0B,0B, 0B,38.2MB,4
01:00:54,062963070af5,pygrid_bob_1,0.02,233.1MiB,4.851GiB,4.69,0B,0B, 0B,38.2MB,4
01:00:57,062963070af5,pygrid_bob_1,0.02,233.1MiB,4.851GiB,4.69,0B,0B, 0B,38.2MB,4
01:01:00,062963070af5,pygrid_bob_1,0.03,233.1MiB,4.851GiB,4.69,0B,0B, 0B,38.2MB,4
01:01:03,062963070af5,pygrid_bob_1,0.02,233.1MiB,4.851GiB,4.69,0B,0B, 0B,38.2MB,4
01:01:06,062963070af5,pygrid_bob_1,0.02,233.1MiB,4.851GiB,4.69,0B,0B, 0B,38.2MB,4
01:01:09,062963070af5,pygrid_bob_1,0.02,233.1MiB,4.851GiB,4.69,0B,0B, 0B,38.2MB,4
01:01:12,062963070af5,pygrid_bob_1,0.02,233.1MiB,4.851GiB,4.69,0B,0B, 0B,38.2MB,4
01:01:15,062963070af5,pygrid_bob_1,0.02,233.1MiB,4.851GiB,4.69,0B,0B, 0B,38.2MB,4
01:01:18,062963070af5,pygrid_bob_1,0.02,233.1MiB,4.851GiB,4.69,0B,0B, 0B,38.2MB,4
01:01:21,062963070af5,pygrid_bob_1,0.02,233.1MiB,4.851GiB,4.69,0B,0B, 0B,38.2MB,4
01:01:24,062963070af5,pygrid_bob_1,0.02,233.1MiB,4.851GiB,4.69,0B,0B, 0B,38.2MB,4
01:01:27,062963070af5,pygrid_bob_1,0.03,233.1MiB,4.851GiB,4.69,0B,0B, 0B,38.2MB,4
01:01:30,062963070af5,pygrid_bob_1,0.02,233.1MiB,4.851GiB,4.69,0B,0B, 0B,38.2MB,4
01:01:33,062963070af5,pygrid_bob_1,0.03,233.1MiB,4.851GiB,4.69,0B,0B, 0B,38.2MB,4
01:01:36,062963070af5,pygrid_bob_1,0.03,233.1MiB,4.851GiB,4.69,0B,0B, 0B,38.2MB,4
01:01:39,062963070af5,pygrid_bob_1,0.03,233.1MiB,4.851GiB,4.69,0B,0B, 0B,38.2MB,4
01:01:42,062963070af5,pygrid_bob_1,0.02,233.1MiB,4.851GiB,4.69,0B,0B, 0B,38.2MB,4
01:01:45,062963070af5,pygrid_bob_1,0.02,233.1MiB,4.851GiB,4.69,0B,0B, 0B,38.2MB,4
01:01:48,062963070af5,pygrid_bob_1,0.02,233.1MiB,4.851GiB,4.69,0B,0B, 0B,38.2MB,4
01:01:51,062963070af5,pygrid_bob_1,0.03,233.1MiB,4.851GiB,4.69,0B,0B, 0B,38.2MB,4
01:01:55,062963070af5,pygrid_bob_1,0.02,233.1MiB,4.851GiB,4.69,0B,0B, 0B,38.2MB,4
01:01:58,062963070af5,pygrid_bob_1,0.02,233.1MiB,4.851GiB,4.69,0B,0B, 0B,38.2MB,4
01:02:01,062963070af5,pygrid_bob_1,0.03,233.1MiB,4.851GiB,4.69,0B,0B, 0B,38.2MB,4
01:02:04,062963070af5,pygrid_bob_1,0.02,233.1MiB,4.851GiB,4.69,0B,0B, 0B,38.2MB,4
01:02:07,062963070af5,pygrid_bob_1,0.02,233.1MiB,4.851GiB,4.69,0B,0B, 0B,38.2MB,4
01:02:10,062963070af5,pygrid_bob_1,0.03,233.1MiB,4.851GiB,4.69,0B,0B, 0B,38.2MB,4
01:02:13,062963070af5,pygrid_bob_1,0.02,233.1MiB,4.851GiB,4.69,0B,0B, 0B,38.2MB,4
01:02:16,062963070af5,pygrid_bob_1,11.22,234.5MiB,4.851GiB,4.72,0B,0B, 0B,38.5MB,4
01:02:19,062963070af5,pygrid_bob_1,63.89,1.121GiB,4.851GiB,23.12,0B,0B, 57.3kB,701MB,4
01:02:22,062963070af5,pygrid_bob_1,19.23,770.4MiB,4.851GiB,15.51,0B,0B, 19.5MB,2.33GB, 4
01:02:25,062963070af5,pygrid_bob_1,66.13,1.059GiB,4.851GiB,21.83,0B,0B, 19.5MB,3.72GB, 4
01:02:28,062963070af5,pygrid_bob_1,77.15,1.293GiB,4.851GiB,26.66,0B,0B, 19.5MB,5.37GB, 6
01:02:31,062963070af5,pygrid_bob_1,70.03,492.1MiB,4.851GiB,9.91,0B,0B, 21.3MB,5.85GB, 6
01:02:34,062963070af5,pygrid_bob_1,51.25,523MiB,4.851GiB, 10.53,0B,0B, 21.3MB,6.71GB, 6
01:02:37,062963070af5,pygrid_bob_1,63.35,532.8MiB,4.851GiB,10.73,0B,0B, 21.3MB,7.45GB, 6
01:02:40,062963070af5,pygrid_bob_1,69.23,594MiB,4.851GiB, 11.96,0B,0B, 21.3MB,8.05GB, 6
01:02:43,062963070af5,pygrid_bob_1,74.73,638.5MiB,4.851GiB,12.85,0B,0B, 21.3MB,8.61GB, 6
01:02:46,062963070af5,pygrid_bob_1,52.59,558.7MiB,4.851GiB,11.25,0B,0B, 21.3MB,9.27GB, 6
01:02:49,062963070af5,pygrid_bob_1,58.97,558.7MiB,4.851GiB,11.25,0B,0B, 21.3MB,9.94GB, 6
01:02:52,062963070af5,pygrid_bob_1,70.17,580.8MiB,4.851GiB,11.69,0B,0B, 21.3MB,10.5GB, 6
01:02:55,062963070af5,pygrid_bob_1,61.09,611.2MiB,4.851GiB,12.31,0B,0B, 21.3MB,11.1GB, 6
01:02:58,062963070af5,pygrid_bob_1,47.37,607.9MiB,4.851GiB,12.24,0B,0B, 21.3MB,11.7GB, 6
01:03:01,062963070af5,pygrid_bob_1,48.40,602MiB,4.851GiB, 12.12,0B,0B, 21.3MB,12.3GB, 6
01:03:04,062963070af5,pygrid_bob_1,70.55,602.6MiB,4.851GiB,12.13,0B,0B, 21.3MB,12.8GB, 6
01:03:07,062963070af5,pygrid_bob_1,64.98,584.9MiB,4.851GiB,11.78,0B,0B, 21.3MB,13.3GB, 6
01:03:10,062963070af5,pygrid_bob_1,38.40,591.1MiB,4.851GiB,11.90,0B,0B, 21.3MB,14GB,6
01:03:13,062963070af5,pygrid_bob_1,64.16,597.2MiB,4.851GiB,12.02,0B,0B, 21.3MB,14.5GB, 6
01:03:16,062963070af5,pygrid_bob_1,77.54,583.9MiB,4.851GiB,11.76,0B,0B, 21.3MB,15GB,6
01:03:19,062963070af5,pygrid_bob_1,56.07,619.2MiB,4.851GiB,12.47,0B,0B, 21.3MB,15.5GB, 6
01:03:22,062963070af5,pygrid_bob_1,54.48,620.7MiB,4.851GiB,12.50,0B,0B, 21.3MB,16.1GB, 6
01:03:25,062963070af5,pygrid_bob_1,60.28,627.1MiB,4.851GiB,12.62,0B,0B, 21.3MB,16.7GB, 6
01:03:28,062963070af5,pygrid_bob_1,71.22,648.9MiB,4.851GiB,13.06,0B,0B, 21.3MB,17.2GB, 6
01:03:31,062963070af5,pygrid_bob_1,71.66,663.2MiB,4.851GiB,13.35,0B,0B, 21.3MB,17.7GB, 6
01:03:34,062963070af5,pygrid_bob_1,56.45,580.2MiB,4.851GiB,11.68,0B,0B, 21.3MB,18.3GB, 6
01:03:37,062963070af5,pygrid_bob_1,59.65,640.5MiB,4.851GiB,12.89,0B,0B, 21.3MB,18.8GB, 6
01:03:40,062963070af5,pygrid_bob_1,74.30,656.6MiB,4.851GiB,13.22,0B,0B, 21.3MB,19.3GB, 6
01:03:43,062963070af5,pygrid_bob_1,75.17,651.8MiB,4.851GiB,13.12,0B,0B, 21.3MB,19.8GB, 6
01:03:46,062963070af5,pygrid_bob_1,65.35,671.4MiB,4.851GiB,13.52,0B,0B, 21.3MB,20.5GB, 6
01:03:49,062963070af5,pygrid_bob_1,53.56,682.3MiB,4.851GiB,13.74,0B,0B, 21.3MB,21.1GB, 6
01:03:52,062963070af5,pygrid_bob_1,65.28,686.3MiB,4.851GiB,13.82,0B,0B, 21.3MB,21.7GB, 6
01:03:55,062963070af5,pygrid_bob_1,75.80,689.8MiB,4.851GiB,13.89,0B,0B, 21.3MB,22.2GB, 6
01:03:58,062963070af5,pygrid_bob_1,70.82,699.4MiB,4.851GiB,14.08,0B,0B, 21.3MB,22.7GB, 6
01:04:01,062963070af5,pygrid_bob_1,62.10,632.7MiB,4.851GiB,12.74,0B,0B, 21.3MB,23.3GB, 6
01:04:04,062963070af5,pygrid_bob_1,49.06,700.9MiB,4.851GiB,14.11,0B,0B, 21.3MB,23.9GB, 6
01:04:07,062963070af5,pygrid_bob_1,57.15,722.7MiB,4.851GiB,14.55,0B,0B, 21.3MB,24.5GB, 6
01:04:10,062963070af5,pygrid_bob_1,72.09,737.2MiB,4.851GiB,14.84,0B,0B, 21.3MB,25GB,6
01:04:13,062963070af5,pygrid_bob_1,0.03,679.4MiB,4.851GiB,13.68,0B,0B, 21.3MB,25.1GB, 6
01:04:16,062963070af5,pygrid_bob_1,0.02,679.4MiB,4.851GiB,13.68,0B,0B, 21.3MB,25.1GB, 6
01:04:19,062963070af5,pygrid_bob_1,0.02,679.4MiB,4.851GiB,13.68,0B,0B, 21.3MB,25.1GB, 6
01:04:22,062963070af5,pygrid_bob_1,0.02,679.4MiB,4.851GiB,13.68,0B,0B, 21.3MB,25.1GB, 6
01:04:25,062963070af5,pygrid_bob_1,0.02,679.4MiB,4.851GiB,13.68,0B,0B, 21.3MB,25.1GB, 6
01:04:28,062963070af5,pygrid_bob_1,0.02,679.4MiB,4.851GiB,13.68,0B,0B, 21.3MB,25.1GB, 6
01:04:31,062963070af5,pygrid_bob_1,0.02,679.4MiB,4.851GiB,13.68,0B,0B, 21.3MB,25.1GB, 6
01:04:34,062963070af5,pygrid_bob_1,0.02,679.4MiB,4.851GiB,13.68,0B,0B, 21.3MB,25.1GB, 6
01:04:37,062963070af5,pygrid_bob_1,0.02,679.4MiB,4.851GiB,13.68,0B,0B, 21.3MB,25.1GB, 6
01:04:40,062963070af5,pygrid_bob_1,0.02,679.4MiB,4.851GiB,13.68,0B,0B, 21.3MB,25.1GB, 6
01:04:43,062963070af5,pygrid_bob_1,0.02,679.4MiB,4.851GiB,13.68,0B,0B, 21.3MB,25.1GB, 6
01:04:46,062963070af5,pygrid_bob_1,0.02,679.4MiB,4.851GiB,13.68,0B,0B, 21.3MB,25.1GB, 6
01:04:49,062963070af5,pygrid_bob_1,0.02,679.4MiB,4.851GiB,13.68,0B,0B, 21.3MB,25.1GB, 6
01:04:52,062963070af5,pygrid_bob_1,0.02,679.4MiB,4.851GiB,13.68,0B,0B, 21.3MB,25.1GB, 6
01:04:55,062963070af5,pygrid_bob_1,0.02,679.4MiB,4.851GiB,13.68,0B,0B, 21.3MB,25.1GB, 6
01:04:58,062963070af5,pygrid_bob_1,0.02,679.4MiB,4.851GiB,13.68,0B,0B, 21.3MB,25.1GB, 6
01:05:01,062963070af5,pygrid_bob_1,0.02,679.4MiB,4.851GiB,13.68,0B,0B, 21.3MB,25.1GB, 6
01:05:04,062963070af5,pygrid_bob_1,0.02,679.4MiB,4.851GiB,13.68,0B,0B, 21.3MB,25.1GB, 6
01:05:08,062963070af5,pygrid_bob_1,0.03,679.4MiB,4.851GiB,13.68,0B,0B, 21.3MB,25.1GB, 6
01:05:11,062963070af5,pygrid_bob_1,0.02,679.4MiB,4.851GiB,13.68,0B,0B, 21.3MB,25.1GB, 6
01:05:14,062963070af5,pygrid_bob_1,0.02,679.4MiB,4.851GiB,13.68,0B,0B, 21.3MB,25.1GB, 6
01:05:17,062963070af5,pygrid_bob_1,0.02,679.4MiB,4.851GiB,13.68,0B,0B, 21.3MB,25.1GB, 6
01:05:20,062963070af5,pygrid_bob_1,0.02,679.4MiB,4.851GiB,13.68,0B,0B, 21.3MB,25.1GB, 6
01:05:23,062963070af5,pygrid_bob_1,0.02,679.4MiB,4.851GiB,13.68,0B,0B, 21.3MB,25.1GB, 6
01:05:26,062963070af5,pygrid_bob_1,0.03,679.4MiB,4.851GiB,13.68,0B,0B, 21.3MB,25.1GB, 6
01:05:29,062963070af5,pygrid_bob_1,0.02,679.4MiB,4.851GiB,13.68,0B,0B, 21.3MB,25.1GB, 6
01:05:32,062963070af5,pygrid_bob_1,0.02,679.4MiB,4.851GiB,13.68,0B,0B, 21.3MB,25.1GB, 6
01:05:35,062963070af5,pygrid_bob_1,0.02,679.4MiB,4.851GiB,13.68,0B,0B, 21.3MB,25.1GB, 6
01:05:38,062963070af5,pygrid_bob_1,0.02,679.4MiB,4.851GiB,13.68,0B,0B, 21.3MB,25.1GB, 6
01:05:41,062963070af5,pygrid_bob_1,0.02,679.4MiB,4.851GiB,13.68,0B,0B, 21.3MB,25.1GB, 6
01:05:44,062963070af5,pygrid_bob_1,0.02,679.4MiB,4.851GiB,13.68,0B,0B, 21.3MB,25.1GB, 6
01:05:47,062963070af5,pygrid_bob_1,0.02,679.4MiB,4.851GiB,13.68,0B,0B, 21.3MB,25.1GB, 6
01:05:50,062963070af5,pygrid_bob_1,0.02,679.4MiB,4.851GiB,13.68,0B,0B, 21.3MB,25.1GB, 6
01:05:53,062963070af5,pygrid_bob_1,0.02,679.4MiB,4.851GiB,13.68,0B,0B, 21.3MB,25.1GB, 6
01:05:56,062963070af5,pygrid_bob_1,0.02,679.4MiB,4.851GiB,13.68,0B,0B, 21.3MB,25.1GB, 6
01:05:59,062963070af5,pygrid_bob_1,0.02,679.4MiB,4.851GiB,13.68,0B,0B, 21.3MB,25.1GB, 6
01:06:02,062963070af5,pygrid_bob_1,0.03,679.4MiB,4.851GiB,13.68,0B,0B, 21.3MB,25.1GB, 6
01:06:05,062963070af5,pygrid_bob_1,97.04,1.351GiB,4.851GiB,27.86,0B,0B, 21.3MB,25.1GB, 6
01:06:08,062963070af5,pygrid_bob_1,69.63,1.094GiB,4.851GiB,22.55,0B,0B, 21.3MB,26.3GB, 6
01:06:11,062963070af5,pygrid_bob_1,32.92,1.296GiB,4.851GiB,26.71,0B,0B, 28.8MB,28.3GB, 6
01:06:14,062963070af5,pygrid_bob_1,34.33,1.43GiB,4.851GiB,29.48,0B,0B, 28.8MB,30GB,6
01:06:17,062963070af5,pygrid_bob_1,93.55,663.1MiB,4.851GiB,13.35,0B,0B, 28.8MB,30.5GB, 6
01:06:20,062963070af5,pygrid_bob_1,50.31,679.6MiB,4.851GiB,13.68,0B,0B, 28.8MB,31.5GB, 6
01:06:23,062963070af5,pygrid_bob_1,62.18,726MiB,4.851GiB, 14.62,0B,0B, 28.8MB,32.2GB, 6
01:06:26,062963070af5,pygrid_bob_1,67.17,751.2MiB,4.851GiB,15.12,0B,0B, 28.8MB,32.9GB, 6
01:06:29,062963070af5,pygrid_bob_1,75.34,761.5MiB,4.851GiB,15.33,0B,0B, 28.8MB,33.5GB, 6
01:06:32,062963070af5,pygrid_bob_1,76.25,756.3MiB,4.851GiB,15.23,0B,0B, 28.8MB,34.1GB, 6
01:06:35,062963070af5,pygrid_bob_1,69.03,701.5MiB,4.851GiB,14.12,0B,0B, 28.8MB,34.7GB, 6
01:06:38,062963070af5,pygrid_bob_1,55.56,755.7MiB,4.851GiB,15.21,0B,0B, 28.8MB,35.4GB, 6
01:06:41,062963070af5,pygrid_bob_1,58.21,780.8MiB,4.851GiB,15.72,0B,0B, 28.8MB,36GB,6
01:06:44,062963070af5,pygrid_bob_1,60.05,791.5MiB,4.851GiB,15.94,0B,0B, 28.8MB,36.7GB, 6
01:06:47,062963070af5,pygrid_bob_1,68.64,786.2MiB,4.851GiB,15.83,0B,0B, 28.8MB,37.3GB, 6
01:06:50,062963070af5,pygrid_bob_1,73.51,797.7MiB,4.851GiB,16.06,0B,0B, 28.8MB,37.8GB, 6
01:06:53,062963070af5,pygrid_bob_1,78.38,800.3MiB,4.851GiB,16.11,0B,0B, 28.8MB,38.3GB, 6
01:06:56,062963070af5,pygrid_bob_1,72.64,815MiB,4.851GiB, 16.41,0B,0B, 28.8MB,38.9GB, 6
01:06:59,062963070af5,pygrid_bob_1,66.56,808.9MiB,4.851GiB,16.29,0B,0B, 28.8MB,39.5GB, 6
01:07:02,062963070af5,pygrid_bob_1,50.80,836.3MiB,4.851GiB,16.84,0B,0B, 28.8MB,40.1GB, 6
01:07:05,062963070af5,pygrid_bob_1,61.40,834.1MiB,4.851GiB,16.79,0B,0B, 28.8MB,40.6GB, 6
01:07:08,062963070af5,pygrid_bob_1,72.93,848.7MiB,4.851GiB,17.09,0B,0B, 28.8MB,41.2GB, 6
01:07:11,062963070af5,pygrid_bob_1,77.55,865.5MiB,4.851GiB,17.43,0B,0B, 28.8MB,41.7GB, 6
01:07:14,062963070af5,pygrid_bob_1,73.41,838.4MiB,4.851GiB,16.88,0B,0B, 28.8MB,42.3GB, 6
01:07:17,062963070af5,pygrid_bob_1,57.99,851.9MiB,4.851GiB,17.15,0B,0B, 28.8MB,42.9GB, 6
01:07:20,062963070af5,pygrid_bob_1,59.80,856.6MiB,4.851GiB,17.25,0B,0B, 28.8MB,43.5GB, 6
01:07:23,062963070af5,pygrid_bob_1,55.79,863MiB,4.851GiB, 17.37,0B,0B, 28.8MB,44.1GB, 6
01:07:26,062963070af5,pygrid_bob_1,68.92,870.6MiB,4.851GiB,17.53,0B,0B, 28.8MB,44.7GB, 6
01:07:29,062963070af5,pygrid_bob_1,74.38,871.5MiB,4.851GiB,17.55,0B,0B, 28.8MB,45.2GB, 6
01:07:32,062963070af5,pygrid_bob_1,76.91,879.4MiB,4.851GiB,17.71,0B,0B, 28.8MB,45.7GB, 6
01:07:35,062963070af5,pygrid_bob_1,73.04,884.9MiB,4.851GiB,17.82,0B,0B, 28.8MB,46.3GB, 6
01:07:38,062963070af5,pygrid_bob_1,54.45,896.2MiB,4.851GiB,18.04,0B,0B, 28.8MB,46.9GB, 6
01:07:41,062963070af5,pygrid_bob_1,58.48,843.7MiB,4.851GiB,16.99,0B,0B, 28.8MB,47.5GB, 6
01:07:44,062963070af5,pygrid_bob_1,58.46,890MiB,4.851GiB, 17.92,0B,0B, 28.8MB,48.1GB, 6
01:07:47,062963070af5,pygrid_bob_1,74.68,914.6MiB,4.851GiB,18.41,0B,0B, 28.8MB,48.6GB, 6
01:07:50,062963070af5,pygrid_bob_1,79.36,925.8MiB,4.851GiB,18.64,0B,0B, 28.8MB,49.1GB, 6
01:07:53,062963070af5,pygrid_bob_1,68.82,920.4MiB,4.851GiB,18.53,0B,0B, 28.8MB,49.7GB, 6
01:07:56,062963070af5,pygrid_bob_1,0.03,930.6MiB,4.851GiB,18.74,0B,0B, 28.8MB,50GB,6
01:07:59,062963070af5,pygrid_bob_1,0.03,930.6MiB,4.851GiB,18.74,0B,0B, 28.8MB,50GB,6
01:08:02,062963070af5,pygrid_bob_1,0.03,930.6MiB,4.851GiB,18.74,0B,0B, 28.8MB,50GB,6
01:08:05,062963070af5,pygrid_bob_1,0.02,930.6MiB,4.851GiB,18.74,0B,0B, 28.8MB,50GB,6
01:08:08,062963070af5,pygrid_bob_1,0.02,930.6MiB,4.851GiB,18.74,0B,0B, 28.8MB,50GB,6
01:08:11,062963070af5,pygrid_bob_1,0.02,930.6MiB,4.851GiB,18.74,0B,0B, 28.8MB,50GB,6
01:08:14,062963070af5,pygrid_bob_1,0.02,930.6MiB,4.851GiB,18.74,0B,0B, 28.8MB,50GB,6
01:08:17,062963070af5,pygrid_bob_1,0.03,930.6MiB,4.851GiB,18.74,0B,0B, 28.8MB,50GB,6
01:08:20,062963070af5,pygrid_bob_1,0.02,930.6MiB,4.851GiB,18.74,0B,0B, 28.8MB,50GB,6
01:08:24,062963070af5,pygrid_bob_1,0.03,930.6MiB,4.851GiB,18.74,0B,0B, 28.8MB,50GB,6
01:08:27,062963070af5,pygrid_bob_1,0.02,930.6MiB,4.851GiB,18.74,0B,0B, 28.8MB,50GB,6
01:08:30,062963070af5,pygrid_bob_1,0.03,930.6MiB,4.851GiB,18.74,0B,0B, 28.8MB,50GB,6
01:08:33,062963070af5,pygrid_bob_1,0.03,930.6MiB,4.851GiB,18.74,0B,0B, 28.8MB,50GB,6
01:08:36,062963070af5,pygrid_bob_1,0.02,930.6MiB,4.851GiB,18.74,0B,0B, 28.8MB,50GB,6
01:08:39,062963070af5,pygrid_bob_1,0.02,930.6MiB,4.851GiB,18.74,0B,0B, 28.8MB,50GB,6
01:08:42,062963070af5,pygrid_bob_1,0.02,930.6MiB,4.851GiB,18.74,0B,0B, 28.8MB,50GB,6
01:08:45,062963070af5,pygrid_bob_1,0.03,930.6MiB,4.851GiB,18.74,0B,0B, 28.8MB,50GB,6
01:08:48,062963070af5,pygrid_bob_1,0.03,930.6MiB,4.851GiB,18.74,0B,0B, 28.8MB,50GB,6
01:08:51,062963070af5,pygrid_bob_1,0.02,930.6MiB,4.851GiB,18.74,0B,0B, 28.8MB,50GB,6
01:08:54,062963070af5,pygrid_bob_1,0.02,930.6MiB,4.851GiB,18.74,0B,0B, 28.8MB,50GB,6
01:08:57,062963070af5,pygrid_bob_1,0.03,930.6MiB,4.851GiB,18.74,0B,0B, 28.8MB,50GB,6
01:09:00,062963070af5,pygrid_bob_1,0.03,930.6MiB,4.851GiB,18.74,0B,0B, 28.8MB,50GB,6
01:09:03,062963070af5,pygrid_bob_1,0.03,930.6MiB,4.851GiB,18.74,0B,0B, 28.8MB,50GB,6
01:09:06,062963070af5,pygrid_bob_1,0.02,930.6MiB,4.851GiB,18.74,0B,0B, 28.8MB,50GB,6
01:09:09,062963070af5,pygrid_bob_1,0.02,930.6MiB,4.851GiB,18.74,0B,0B, 28.8MB,50GB,6
01:09:12,062963070af5,pygrid_bob_1,0.03,930.6MiB,4.851GiB,18.74,0B,0B, 28.8MB,50GB,6
01:09:15,062963070af5,pygrid_bob_1,0.03,930.6MiB,4.851GiB,18.74,0B,0B, 28.8MB,50GB,6
01:09:18,062963070af5,pygrid_bob_1,0.02,930.6MiB,4.851GiB,18.74,0B,0B, 28.8MB,50GB,6
01:09:21,062963070af5,pygrid_bob_1,0.02,930.6MiB,4.851GiB,18.74,0B,0B, 28.8MB,50GB,6
01:09:24,062963070af5,pygrid_bob_1,0.02,930.6MiB,4.851GiB,18.74,0B,0B, 28.8MB,50GB,6
01:09:27,062963070af5,pygrid_bob_1,0.02,930.6MiB,4.851GiB,18.74,0B,0B, 28.8MB,50GB,6
01:09:30,062963070af5,pygrid_bob_1,0.03,930.6MiB,4.851GiB,18.74,0B,0B, 28.8MB,50GB,6
01:09:33,062963070af5,pygrid_bob_1,0.03,930.6MiB,4.851GiB,18.74,0B,0B, 28.8MB,50GB,6
01:09:36,062963070af5,pygrid_bob_1,0.02,930.6MiB,4.851GiB,18.74,0B,0B, 28.8MB,50GB,6
01:09:39,062963070af5,pygrid_bob_1,0.02,930.6MiB,4.851GiB,18.74,0B,0B, 28.8MB,50GB,6
01:09:42,062963070af5,pygrid_bob_1,0.03,930.6MiB,4.851GiB,18.74,0B,0B, 28.8MB,50GB,6
01:09:45,062963070af5,pygrid_bob_1,0.02,930.6MiB,4.851GiB,18.74,0B,0B, 28.8MB,50GB,6
01:09:48,062963070af5,pygrid_bob_1,98.18,1.685GiB,4.851GiB,34.73,0B,0B, 28.8MB,50GB,6
01:09:51,062963070af5,pygrid_bob_1,67.30,1.339GiB,4.851GiB,27.60,0B,0B, 28.9MB,51.2GB, 6
01:09:54,062963070af5,pygrid_bob_1,32.74,1.552GiB,4.851GiB,31.99,0B,0B, 28.9MB,53.1GB, 6
01:09:57,062963070af5,pygrid_bob_1,33.36,1.572GiB,4.851GiB,32.41,0B,0B, 28.9MB,54.8GB, 6
01:10:00,062963070af5,pygrid_bob_1,87.46,984.7MiB,4.851GiB,19.82,0B,0B, 30.5MB,55.3GB, 6
01:10:03,062963070af5,pygrid_bob_1,49.88,888.2MiB,4.851GiB,17.88,0B,0B, 30.5MB,56.3GB, 6
01:10:06,062963070af5,pygrid_bob_1,58.76,962.5MiB,4.851GiB,19.38,0B,0B, 30.5MB,57.1GB, 6
01:10:09,062963070af5,pygrid_bob_1,71.93,947.9MiB,4.851GiB,19.08,0B,0B, 30.5MB,57.7GB, 6
01:10:12,062963070af5,pygrid_bob_1,76.26,965.6MiB,4.851GiB,19.44,0B,0B, 30.5MB,58.4GB, 6
01:10:15,062963070af5,pygrid_bob_1,77.14,957.5MiB,4.851GiB,19.28,0B,0B, 30.5MB,59GB,6
01:10:18,062963070af5,pygrid_bob_1,69.76,951.1MiB,4.851GiB,19.15,0B,0B, 30.5MB,59.7GB, 6
01:10:21,062963070af5,pygrid_bob_1,48.27,976.2MiB,4.851GiB,19.65,0B,0B, 30.5MB,60.4GB, 6
01:10:24,062963070af5,pygrid_bob_1,57.78,987.2MiB,4.851GiB,19.88,0B,0B, 30.5MB,61GB,6
01:10:27,062963070af5,pygrid_bob_1,74.06,982MiB,4.851GiB, 19.77,0B,0B, 30.5MB,61.6GB, 6
01:10:30,062963070af5,pygrid_bob_1,73.10,992.2MiB,4.851GiB,19.97,0B,0B, 30.5MB,62.2GB, 6
01:10:33,062963070af5,pygrid_bob_1,73.14,987.1MiB,4.851GiB,19.87,0B,0B, 30.5MB,62.8GB, 6
01:10:36,062963070af5,pygrid_bob_1,63.86,1000MiB,4.851GiB,20.14,0B,0B, 30.5MB,63.4GB, 6
01:10:39,062963070af5,pygrid_bob_1,54.18,1005MiB,4.851GiB,20.23,0B,0B, 30.5MB,64GB,6
01:10:42,062963070af5,pygrid_bob_1,47.84,1015MiB,4.851GiB,20.44,0B,0B, 30.5MB,64.7GB, 6
01:10:45,062963070af5,pygrid_bob_1,67.38,1.003GiB,4.851GiB,20.67,0B,0B, 30.5MB,65.3GB, 6
01:10:48,062963070af5,pygrid_bob_1,75.14,1.011GiB,4.851GiB,20.85,0B,0B, 30.5MB,65.8GB, 6
01:10:51,062963070af5,pygrid_bob_1,76.55,1018MiB,4.851GiB,20.50,0B,0B, 30.5MB,66.3GB, 6
01:10:54,062963070af5,pygrid_bob_1,66.44,968.7MiB,4.851GiB,19.50,0B,0B, 30.5MB,67GB,6
01:10:57,062963070af5,pygrid_bob_1,56.75,1.005GiB,4.851GiB,20.72,0B,0B, 30.5MB,67.7GB, 6
01:11:00,062963070af5,pygrid_bob_1,64.64,1.016GiB,4.851GiB,20.94,0B,0B, 30.5MB,68.3GB, 6
01:11:03,062963070af5,pygrid_bob_1,83.45,999.5MiB,4.851GiB,20.12,0B,0B, 30.5MB,68.7GB, 6
01:11:06,062963070af5,pygrid_bob_1,72.52,968.9MiB,4.851GiB,19.51,0B,0B, 30.5MB,69.3GB, 6
01:11:09,062963070af5,pygrid_bob_1,56.53,969.2MiB,4.851GiB,19.51,0B,0B, 30.5MB,69.9GB, 6
01:11:12,062963070af5,pygrid_bob_1,72.04,1.03GiB,4.851GiB,21.23,0B,0B, 30.5MB,70.5GB, 6
01:11:15,062963070af5,pygrid_bob_1,82.22,1.04GiB,4.851GiB,21.44,0B,0B, 30.5MB,71GB,6
01:11:18,062963070af5,pygrid_bob_1,65.89,974.9MiB,4.851GiB,19.63,0B,0B, 30.5MB,71.6GB, 6
01:11:21,062963070af5,pygrid_bob_1,56.77,1.047GiB,4.851GiB,21.59,0B,0B, 30.5MB,72.2GB, 6
01:11:24,062963070af5,pygrid_bob_1,71.76,1.032GiB,4.851GiB,21.27,0B,0B, 30.5MB,72.7GB, 6
01:11:27,062963070af5,pygrid_bob_1,77.09,1.038GiB,4.851GiB,21.41,0B,0B, 30.5MB,73.2GB, 6
01:11:30,062963070af5,pygrid_bob_1,53.80,995MiB,4.851GiB, 20.03,0B,0B, 30.5MB,73.8GB, 6
01:11:33,062963070af5,pygrid_bob_1,60.24,1.068GiB,4.851GiB,22.02,0B,0B, 30.5MB,74.4GB, 6
01:11:37,062963070af5,pygrid_bob_1,79.21,1.068GiB,4.851GiB,22.03,0B,0B, 30.5MB,74.8GB, 6
01:11:40,062963070af5,pygrid_bob_1,60.47,1010MiB,4.851GiB,20.34,0B,0B, 30.5MB,75.5GB, 6
07:09:27,da8785a4e074,pygrid_bob_1,3.22,234.6MiB,4.851GiB,4.72,0B,0B, 0B,38.2MB,4
07:09:30,da8785a4e074,pygrid_bob_1,0.02,234.6MiB,4.851GiB,4.72,0B,0B, 0B,38.2MB,4
07:09:33,da8785a4e074,pygrid_bob_1,0.03,234.6MiB,4.851GiB,4.72,0B,0B, 0B,38.2MB,4
07:09:36,da8785a4e074,pygrid_bob_1,0.02,234.6MiB,4.851GiB,4.72,0B,0B, 0B,38.2MB,4
07:09:39,da8785a4e074,pygrid_bob_1,0.03,234.6MiB,4.851GiB,4.72,0B,0B, 0B,38.2MB,4
07:09:42,da8785a4e074,pygrid_bob_1,0.02,234.6MiB,4.851GiB,4.72,0B,0B, 0B,38.2MB,4
07:09:45,da8785a4e074,pygrid_bob_1,0.03,234.6MiB,4.851GiB,4.72,0B,0B, 0B,38.2MB,4
07:09:48,da8785a4e074,pygrid_bob_1,0.02,234.6MiB,4.851GiB,4.72,0B,0B, 0B,38.2MB,4
07:09:51,da8785a4e074,pygrid_bob_1,0.02,234.6MiB,4.851GiB,4.72,0B,0B, 0B,38.2MB,4
07:09:54,da8785a4e074,pygrid_bob_1,0.02,234.6MiB,4.851GiB,4.72,0B,0B, 0B,38.2MB,4
07:09:57,da8785a4e074,pygrid_bob_1,0.02,234.6MiB,4.851GiB,4.72,0B,0B, 0B,38.2MB,4
07:10:00,da8785a4e074,pygrid_bob_1,0.02,234.6MiB,4.851GiB,4.72,0B,0B, 0B,38.2MB,4
07:10:03,da8785a4e074,pygrid_bob_1,0.02,234.6MiB,4.851GiB,4.72,0B,0B, 0B,38.2MB,4
07:10:06,da8785a4e074,pygrid_bob_1,0.02,234.6MiB,4.851GiB,4.72,0B,0B, 0B,38.2MB,4
07:10:09,da8785a4e074,pygrid_bob_1,0.02,234.6MiB,4.851GiB,4.72,0B,0B, 0B,38.2MB,4
07:10:12,da8785a4e074,pygrid_bob_1,0.04,234.6MiB,4.851GiB,4.72,0B,0B, 0B,38.2MB,4
07:10:15,da8785a4e074,pygrid_bob_1,0.02,234.6MiB,4.851GiB,4.72,0B,0B, 0B,38.2MB,4
07:10:18,da8785a4e074,pygrid_bob_1,0.03,234.6MiB,4.851GiB,4.72,0B,0B, 0B,38.2MB,4
07:10:21,da8785a4e074,pygrid_bob_1,0.03,234.6MiB,4.851GiB,4.72,0B,0B, 0B,38.2MB,4
07:10:24,da8785a4e074,pygrid_bob_1,0.02,234.6MiB,4.851GiB,4.72,0B,0B, 0B,38.2MB,4
07:10:27,da8785a4e074,pygrid_bob_1,0.02,234.6MiB,4.851GiB,4.72,0B,0B, 0B,38.2MB,4
07:10:30,da8785a4e074,pygrid_bob_1,0.03,234.6MiB,4.851GiB,4.72,0B,0B, 0B,38.2MB,4
07:10:33,da8785a4e074,pygrid_bob_1,0.02,234.6MiB,4.851GiB,4.72,0B,0B, 0B,38.2MB,4
07:10:36,da8785a4e074,pygrid_bob_1,0.03,234.6MiB,4.851GiB,4.72,0B,0B, 0B,38.2MB,4
07:10:39,da8785a4e074,pygrid_bob_1,0.02,234.6MiB,4.851GiB,4.72,0B,0B, 0B,38.2MB,4
07:10:42,da8785a4e074,pygrid_bob_1,0.03,234.6MiB,4.851GiB,4.72,0B,0B, 0B,38.2MB,4
07:10:45,da8785a4e074,pygrid_bob_1,0.02,234.6MiB,4.851GiB,4.72,0B,0B, 0B,38.2MB,4
07:10:48,da8785a4e074,pygrid_bob_1,0.03,234.6MiB,4.851GiB,4.72,0B,0B, 0B,38.2MB,4
07:10:52,da8785a4e074,pygrid_bob_1,0.02,234.6MiB,4.851GiB,4.72,0B,0B, 0B,38.2MB,4
07:10:55,da8785a4e074,pygrid_bob_1,0.03,234.6MiB,4.851GiB,4.72,0B,0B, 0B,38.2MB,4
07:10:58,da8785a4e074,pygrid_bob_1,0.02,234.6MiB,4.851GiB,4.72,0B,0B, 0B,38.2MB,4
07:11:01,da8785a4e074,pygrid_bob_1,0.02,234.6MiB,4.851GiB,4.72,0B,0B, 0B,38.2MB,4
07:11:04,da8785a4e074,pygrid_bob_1,0.02,234.6MiB,4.851GiB,4.72,0B,0B, 0B,38.2MB,4
07:11:07,da8785a4e074,pygrid_bob_1,0.03,234.6MiB,4.851GiB,4.72,0B,0B, 0B,38.2MB,4
07:11:10,da8785a4e074,pygrid_bob_1,0.03,234.6MiB,4.851GiB,4.72,0B,0B, 0B,38.2MB,4
07:11:13,da8785a4e074,pygrid_bob_1,0.02,234.6MiB,4.851GiB,4.72,0B,0B, 0B,38.2MB,4
07:11:16,da8785a4e074,pygrid_bob_1,0.03,234.6MiB,4.851GiB,4.72,0B,0B, 0B,38.2MB,4
07:11:19,da8785a4e074,pygrid_bob_1,0.02,234.6MiB,4.851GiB,4.72,0B,0B, 0B,38.2MB,4
07:11:22,da8785a4e074,pygrid_bob_1,0.02,234.6MiB,4.851GiB,4.72,0B,0B, 0B,38.2MB,4
07:11:25,da8785a4e074,pygrid_bob_1,0.02,234.6MiB,4.851GiB,4.72,0B,0B, 0B,38.2MB,4
07:11:28,da8785a4e074,pygrid_bob_1,0.03,234.6MiB,4.851GiB,4.72,0B,0B, 0B,38.2MB,4
07:11:31,da8785a4e074,pygrid_bob_1,0.02,234.6MiB,4.851GiB,4.72,0B,0B, 0B,38.2MB,4
07:11:34,da8785a4e074,pygrid_bob_1,0.03,234.6MiB,4.851GiB,4.72,0B,0B, 0B,38.2MB,4
07:11:37,da8785a4e074,pygrid_bob_1,0.02,234.6MiB,4.851GiB,4.72,0B,0B, 0B,38.2MB,4
07:11:40,da8785a4e074,pygrid_bob_1,0.31,234.6MiB,4.851GiB,4.72,0B,0B, 0B,38.3MB,4
07:11:43,da8785a4e074,pygrid_bob_1,67.43,955.6MiB,4.851GiB,19.24,0B,0B, 57.3kB,702MB,4
07:11:46,da8785a4e074,pygrid_bob_1,11.73,686.4MiB,4.851GiB,13.82,0B,0B, 21.4MB,2.33GB, 4
07:11:49,da8785a4e074,pygrid_bob_1,82.89,1.071GiB,4.851GiB,22.08,0B,0B, 21.4MB,3.51GB, 4
07:11:52,da8785a4e074,pygrid_bob_1,73.80,1.264GiB,4.851GiB,26.06,0B,0B, 21.4MB,5.29GB, 6
07:11:55,da8785a4e074,pygrid_bob_1,52.48,486.3MiB,4.851GiB,9.79,0B,0B, 23.1MB,5.76GB, 6
07:11:58,da8785a4e074,pygrid_bob_1,63.06,545.4MiB,4.851GiB,10.98,0B,0B, 23.1MB,6.53GB, 6
07:12:01,da8785a4e074,pygrid_bob_1,72.85,545.3MiB,4.851GiB,10.98,0B,0B, 23.1MB,7.16GB, 6
07:12:04,da8785a4e074,pygrid_bob_1,64.49,537MiB,4.851GiB, 10.81,0B,0B, 23.1MB,7.68GB, 6
07:12:07,da8785a4e074,pygrid_bob_1,53.23,515.1MiB,4.851GiB,10.37,0B,0B, 23.1MB,8.3GB,6
07:12:10,da8785a4e074,pygrid_bob_1,66.62,567.4MiB,4.851GiB,11.42,0B,0B, 23.1MB,8.81GB, 6
07:12:13,da8785a4e074,pygrid_bob_1,74.88,537.2MiB,4.851GiB,10.81,0B,0B, 23.1MB,9.26GB, 6
07:12:16,da8785a4e074,pygrid_bob_1,51.80,592.1MiB,4.851GiB,11.92,0B,0B, 23.1MB,9.85GB, 6
07:12:19,da8785a4e074,pygrid_bob_1,59.53,559.2MiB,4.851GiB,11.26,0B,0B, 23.1MB,10.3GB, 6
07:12:22,da8785a4e074,pygrid_bob_1,79.97,611MiB,4.851GiB, 12.30,0B,0B, 23.1MB,10.7GB, 6
07:12:25,da8785a4e074,pygrid_bob_1,62.70,574.7MiB,4.851GiB,11.57,0B,0B, 23.1MB,11.2GB, 6
07:12:28,da8785a4e074,pygrid_bob_1,52.08,570.2MiB,4.851GiB,11.48,0B,0B, 23.1MB,11.8GB, 6
07:12:31,da8785a4e074,pygrid_bob_1,71.37,596MiB,4.851GiB, 12.00,0B,0B, 23.1MB,12.2GB, 6
07:12:34,da8785a4e074,pygrid_bob_1,56.22,596MiB,4.851GiB, 12.00,0B,0B, 23.1MB,12.6GB, 6
07:12:37,da8785a4e074,pygrid_bob_1,55.13,596.1MiB,4.851GiB,12.00,0B,0B, 23.1MB,13.1GB, 6
07:12:40,da8785a4e074,pygrid_bob_1,72.02,618.1MiB,4.851GiB,12.44,0B,0B, 23.1MB,13.6GB, 6
07:12:43,da8785a4e074,pygrid_bob_1,75.30,650.5MiB,4.851GiB,13.10,0B,0B, 23.1MB,14GB,6
07:12:46,da8785a4e074,pygrid_bob_1,50.57,625.5MiB,4.851GiB,12.59,0B,0B, 23.1MB,14.5GB, 6
07:12:49,da8785a4e074,pygrid_bob_1,63.39,615.8MiB,4.851GiB,12.40,0B,0B, 23.1MB,15GB,6
07:12:52,da8785a4e074,pygrid_bob_1,75.36,603.7MiB,4.851GiB,12.15,0B,0B, 23.1MB,15.5GB, 6
07:12:55,da8785a4e074,pygrid_bob_1,68.45,625.6MiB,4.851GiB,12.59,0B,0B, 23.1MB,16GB,6
07:12:58,da8785a4e074,pygrid_bob_1,54.79,628.1MiB,4.851GiB,12.64,0B,0B, 23.1MB,16.6GB, 6
07:13:01,da8785a4e074,pygrid_bob_1,68.37,634.3MiB,4.851GiB,12.77,0B,0B, 23.1MB,17.1GB, 6
07:13:04,da8785a4e074,pygrid_bob_1,75.27,643.5MiB,4.851GiB,12.96,0B,0B, 23.1MB,17.5GB, 6
07:13:07,da8785a4e074,pygrid_bob_1,51.58,581.8MiB,4.851GiB,11.71,0B,0B, 23.1MB,18.1GB, 6
07:13:10,da8785a4e074,pygrid_bob_1,66.50,636.8MiB,4.851GiB,12.82,0B,0B, 23.1MB,18.6GB, 6
07:13:13,da8785a4e074,pygrid_bob_1,69.36,582.1MiB,4.851GiB,11.72,0B,0B, 23.1MB,19.1GB, 6
07:13:16,da8785a4e074,pygrid_bob_1,52.77,667.4MiB,4.851GiB,13.44,0B,0B, 23.1MB,19.7GB, 6
07:13:19,da8785a4e074,pygrid_bob_1,72.79,626MiB,4.851GiB, 12.60,0B,0B, 23.1MB,20.2GB, 6
07:13:22,da8785a4e074,pygrid_bob_1,60.84,582MiB,4.851GiB, 11.72,0B,0B, 23.1MB,20.7GB, 6
07:13:25,da8785a4e074,pygrid_bob_1,60.96,680.9MiB,4.851GiB,13.71,0B,0B, 23.1MB,21.2GB, 6
07:13:28,da8785a4e074,pygrid_bob_1,78.18,680.7MiB,4.851GiB,13.70,0B,0B, 23.1MB,21.6GB, 6
07:13:31,da8785a4e074,pygrid_bob_1,52.70,721.1MiB,4.851GiB,14.52,0B,0B, 23.1MB,22.2GB, 6
07:13:34,da8785a4e074,pygrid_bob_1,64.23,705MiB,4.851GiB, 14.19,0B,0B, 23.1MB,22.7GB, 6
07:13:37,da8785a4e074,pygrid_bob_1,78.56,699.1MiB,4.851GiB,14.08,0B,0B, 23.1MB,23.2GB, 6
07:13:40,da8785a4e074,pygrid_bob_1,38.15,756.4MiB,4.851GiB,15.23,0B,0B, 23.1MB,23.7GB, 6
07:13:43,da8785a4e074,pygrid_bob_1,0.02,756.4MiB,4.851GiB,15.23,0B,0B, 23.1MB,23.7GB, 6
07:13:47,da8785a4e074,pygrid_bob_1,0.03,756.4MiB,4.851GiB,15.23,0B,0B, 23.1MB,23.7GB, 6
07:13:50,da8785a4e074,pygrid_bob_1,0.04,756.4MiB,4.851GiB,15.23,0B,0B, 23.1MB,23.7GB, 6
07:13:53,da8785a4e074,pygrid_bob_1,0.03,756.4MiB,4.851GiB,15.23,0B,0B, 23.1MB,23.7GB, 6
07:13:56,da8785a4e074,pygrid_bob_1,0.02,756.4MiB,4.851GiB,15.23,0B,0B, 23.1MB,23.7GB, 6
07:13:59,da8785a4e074,pygrid_bob_1,0.02,756.4MiB,4.851GiB,15.23,0B,0B, 23.1MB,23.7GB, 6
07:14:02,da8785a4e074,pygrid_bob_1,0.02,756.4MiB,4.851GiB,15.23,0B,0B, 23.1MB,23.7GB, 6
07:14:05,da8785a4e074,pygrid_bob_1,0.02,756.4MiB,4.851GiB,15.23,0B,0B, 23.1MB,23.7GB, 6
07:14:08,da8785a4e074,pygrid_bob_1,0.02,756.4MiB,4.851GiB,15.23,0B,0B, 23.1MB,23.7GB, 6
07:14:11,da8785a4e074,pygrid_bob_1,0.02,756.4MiB,4.851GiB,15.23,0B,0B, 23.1MB,23.7GB, 6
07:14:14,da8785a4e074,pygrid_bob_1,0.02,756.4MiB,4.851GiB,15.23,0B,0B, 23.1MB,23.7GB, 6
07:14:17,da8785a4e074,pygrid_bob_1,0.02,756.4MiB,4.851GiB,15.23,0B,0B, 23.1MB,23.7GB, 6
07:14:20,da8785a4e074,pygrid_bob_1,0.03,756.4MiB,4.851GiB,15.23,0B,0B, 23.1MB,23.7GB, 6
07:14:23,da8785a4e074,pygrid_bob_1,0.02,756.4MiB,4.851GiB,15.23,0B,0B, 23.1MB,23.7GB, 6
07:14:26,da8785a4e074,pygrid_bob_1,0.02,756.4MiB,4.851GiB,15.23,0B,0B, 23.1MB,23.7GB, 6
07:14:29,da8785a4e074,pygrid_bob_1,0.02,756.4MiB,4.851GiB,15.23,0B,0B, 23.1MB,23.7GB, 6
07:14:32,da8785a4e074,pygrid_bob_1,0.02,756.4MiB,4.851GiB,15.23,0B,0B, 23.1MB,23.7GB, 6
07:14:35,da8785a4e074,pygrid_bob_1,0.03,756.4MiB,4.851GiB,15.23,0B,0B, 23.1MB,23.7GB, 6
07:14:38,da8785a4e074,pygrid_bob_1,0.02,756.4MiB,4.851GiB,15.23,0B,0B, 23.1MB,23.7GB, 6
07:14:41,da8785a4e074,pygrid_bob_1,0.02,756.4MiB,4.851GiB,15.23,0B,0B, 23.1MB,23.7GB, 6
07:14:44,da8785a4e074,pygrid_bob_1,0.02,756.4MiB,4.851GiB,15.23,0B,0B, 23.1MB,23.7GB, 6
07:14:47,da8785a4e074,pygrid_bob_1,0.02,756.4MiB,4.851GiB,15.23,0B,0B, 23.1MB,23.7GB, 6
07:14:50,da8785a4e074,pygrid_bob_1,0.03,756.4MiB,4.851GiB,15.23,0B,0B, 23.1MB,23.7GB, 6
07:14:53,da8785a4e074,pygrid_bob_1,0.03,756.4MiB,4.851GiB,15.23,0B,0B, 23.1MB,23.7GB, 6
07:14:56,da8785a4e074,pygrid_bob_1,0.02,756.4MiB,4.851GiB,15.23,0B,0B, 23.1MB,23.7GB, 6
07:14:59,da8785a4e074,pygrid_bob_1,0.02,756.4MiB,4.851GiB,15.23,0B,0B, 23.1MB,23.7GB, 6
07:15:02,da8785a4e074,pygrid_bob_1,0.03,756.4MiB,4.851GiB,15.23,0B,0B, 23.1MB,23.7GB, 6
07:15:05,da8785a4e074,pygrid_bob_1,0.02,756.4MiB,4.851GiB,15.23,0B,0B, 23.1MB,23.7GB, 6
07:15:08,da8785a4e074,pygrid_bob_1,0.02,756.4MiB,4.851GiB,15.23,0B,0B, 23.1MB,23.7GB, 6
07:15:11,da8785a4e074,pygrid_bob_1,0.02,756.4MiB,4.851GiB,15.23,0B,0B, 23.1MB,23.7GB, 6
07:15:14,da8785a4e074,pygrid_bob_1,0.02,756.4MiB,4.851GiB,15.23,0B,0B, 23.1MB,23.7GB, 6
07:15:17,da8785a4e074,pygrid_bob_1,0.02,756.4MiB,4.851GiB,15.23,0B,0B, 23.1MB,23.7GB, 6
07:15:20,da8785a4e074,pygrid_bob_1,0.03,756.4MiB,4.851GiB,15.23,0B,0B, 23.1MB,23.7GB, 6
07:15:23,da8785a4e074,pygrid_bob_1,0.02,756.4MiB,4.851GiB,15.23,0B,0B, 23.1MB,23.7GB, 6
07:15:26,da8785a4e074,pygrid_bob_1,0.02,756.4MiB,4.851GiB,15.23,0B,0B, 23.1MB,23.7GB, 6
07:15:29,da8785a4e074,pygrid_bob_1,0.02,756.4MiB,4.851GiB,15.23,0B,0B, 23.1MB,23.7GB, 6
07:15:32,da8785a4e074,pygrid_bob_1,0.02,756.4MiB,4.851GiB,15.23,0B,0B, 23.1MB,23.7GB, 6
07:15:35,da8785a4e074,pygrid_bob_1,0.03,756.4MiB,4.851GiB,15.23,0B,0B, 23.1MB,23.7GB, 6
07:15:38,da8785a4e074,pygrid_bob_1,0.03,756.4MiB,4.851GiB,15.23,0B,0B, 23.1MB,23.7GB, 6
07:15:41,da8785a4e074,pygrid_bob_1,35.64,756.4MiB,4.851GiB,15.23,0B,0B, 23.4MB,23.7GB, 6
07:15:44,da8785a4e074,pygrid_bob_1,67.72,1.617GiB,4.851GiB,33.33,0B,0B, 23.4MB,24.3GB, 6
07:15:47,da8785a4e074,pygrid_bob_1,37.91,1.331GiB,4.851GiB,27.44,0B,0B, 30.9MB,25.9GB, 6
07:15:50,da8785a4e074,pygrid_bob_1,61.29,1.423GiB,4.851GiB,29.34,0B,0B, 30.9MB,27.5GB, 6
07:15:53,da8785a4e074,pygrid_bob_1,78.42,1.595GiB,4.851GiB,32.88,0B,0B, 30.9MB,29.1GB, 6
07:15:56,da8785a4e074,pygrid_bob_1,60.89,743.8MiB,4.851GiB,14.97,0B,0B, 30.9MB,29.6GB, 6
07:15:59,da8785a4e074,pygrid_bob_1,51.41,744MiB,4.851GiB, 14.98,0B,0B, 30.9MB,30.4GB, 6
07:16:02,da8785a4e074,pygrid_bob_1,67.10,727.4MiB,4.851GiB,14.64,0B,0B, 30.9MB,31GB,6
07:16:05,da8785a4e074,pygrid_bob_1,65.59,749.4MiB,4.851GiB,15.09,0B,0B, 30.9MB,31.5GB, 6
07:16:08,da8785a4e074,pygrid_bob_1,52.94,759.7MiB,4.851GiB,15.29,0B,0B, 30.9MB,32.2GB, 6
07:16:11,da8785a4e074,pygrid_bob_1,71.69,736.9MiB,4.851GiB,14.84,0B,0B, 30.9MB,32.7GB, 6
07:16:14,da8785a4e074,pygrid_bob_1,58.86,766MiB,4.851GiB, 15.42,0B,0B, 30.9MB,33.2GB, 6
07:16:17,da8785a4e074,pygrid_bob_1,51.35,774.6MiB,4.851GiB,15.60,0B,0B, 30.9MB,33.8GB, 6
07:16:20,da8785a4e074,pygrid_bob_1,71.65,755.7MiB,4.851GiB,15.21,0B,0B, 30.9MB,34.3GB, 6
07:16:23,da8785a4e074,pygrid_bob_1,66.01,712.7MiB,4.851GiB,14.35,0B,0B, 30.9MB,34.7GB, 6
07:16:26,da8785a4e074,pygrid_bob_1,50.36,789MiB,4.851GiB, 15.88,0B,0B, 30.9MB,35.4GB, 6
07:16:29,da8785a4e074,pygrid_bob_1,71.92,770.1MiB,4.851GiB,15.50,0B,0B, 30.9MB,35.9GB, 6
07:16:32,da8785a4e074,pygrid_bob_1,67.76,792MiB,4.851GiB, 15.95,0B,0B, 30.9MB,36.3GB, 6
07:16:35,da8785a4e074,pygrid_bob_1,48.21,836.7MiB,4.851GiB,16.84,0B,0B, 30.9MB,36.9GB, 6
07:16:38,da8785a4e074,pygrid_bob_1,71.01,814.5MiB,4.851GiB,16.40,0B,0B, 30.9MB,37.5GB, 6
07:16:42,da8785a4e074,pygrid_bob_1,78.22,837.6MiB,4.851GiB,16.86,0B,0B, 30.9MB,37.9GB, 6
07:16:45,da8785a4e074,pygrid_bob_1,50.61,786.3MiB,4.851GiB,15.83,0B,0B, 30.9MB,38.5GB, 6
07:16:48,da8785a4e074,pygrid_bob_1,65.32,830.4MiB,4.851GiB,16.72,0B,0B, 30.9MB,39GB,6
07:16:51,da8785a4e074,pygrid_bob_1,78.23,823MiB,4.851GiB, 16.57,0B,0B, 30.9MB,39.4GB, 6
07:16:54,da8785a4e074,pygrid_bob_1,51.42,863.3MiB,4.851GiB,17.38,0B,0B, 30.9MB,40GB,6
07:16:57,da8785a4e074,pygrid_bob_1,59.71,848.7MiB,4.851GiB,17.09,0B,0B, 30.9MB,40.5GB, 6
07:17:00,da8785a4e074,pygrid_bob_1,75.37,907.5MiB,4.851GiB,18.27,0B,0B, 30.9MB,40.9GB, 6
07:17:03,da8785a4e074,pygrid_bob_1,63.51,808.5MiB,4.851GiB,16.28,0B,0B, 30.9MB,41.5GB, 6
07:17:06,da8785a4e074,pygrid_bob_1,53.95,877MiB,4.851GiB, 17.66,0B,0B, 30.9MB,42GB,6
07:17:09,da8785a4e074,pygrid_bob_1,70.96,916.4MiB,4.851GiB,18.45,0B,0B, 30.9MB,42.5GB, 6
07:17:12,da8785a4e074,pygrid_bob_1,68.73,844.7MiB,4.851GiB,17.01,0B,0B, 30.9MB,42.9GB, 6
07:17:15,da8785a4e074,pygrid_bob_1,53.84,844.7MiB,4.851GiB,17.01,0B,0B, 30.9MB,43.5GB, 6
07:17:18,da8785a4e074,pygrid_bob_1,69.95,894.8MiB,4.851GiB,18.01,0B,0B, 30.9MB,44GB,6
07:17:21,da8785a4e074,pygrid_bob_1,76.18,921.7MiB,4.851GiB,18.56,0B,0B, 30.9MB,44.4GB, 6
07:17:24,da8785a4e074,pygrid_bob_1,50.93,918.6MiB,4.851GiB,18.49,0B,0B, 30.9MB,45.1GB, 6
07:17:27,da8785a4e074,pygrid_bob_1,60.39,938.2MiB,4.851GiB,18.89,0B,0B, 30.9MB,45.6GB, 6
07:17:30,da8785a4e074,pygrid_bob_1,76.02,914.1MiB,4.851GiB,18.40,0B,0B, 30.9MB,46GB,6
07:17:33,da8785a4e074,pygrid_bob_1,60.02,935.9MiB,4.851GiB,18.84,0B,0B, 30.9MB,46.6GB, 6
07:17:36,da8785a4e074,pygrid_bob_1,53.50,926.3MiB,4.851GiB,18.65,0B,0B, 30.9MB,47.2GB, 6
07:17:39,da8785a4e074,pygrid_bob_1,74.21,916.3MiB,4.851GiB,18.45,0B,0B, 30.9MB,47.7GB, 6
07:17:42,da8785a4e074,pygrid_bob_1,27.51,884.2MiB,4.851GiB,17.80,0B,0B, 30.9MB,48.1GB, 6
07:17:45,da8785a4e074,pygrid_bob_1,0.03,884.2MiB,4.851GiB,17.80,0B,0B, 30.9MB,48.1GB, 6
07:17:48,da8785a4e074,pygrid_bob_1,0.03,884.2MiB,4.851GiB,17.80,0B,0B, 30.9MB,48.1GB, 6
07:17:51,da8785a4e074,pygrid_bob_1,0.03,884.2MiB,4.851GiB,17.80,0B,0B, 30.9MB,48.1GB, 6
07:17:54,da8785a4e074,pygrid_bob_1,0.03,884.2MiB,4.851GiB,17.80,0B,0B, 30.9MB,48.1GB, 6
07:17:57,da8785a4e074,pygrid_bob_1,0.02,884.2MiB,4.851GiB,17.80,0B,0B, 30.9MB,48.1GB, 6
07:18:00,da8785a4e074,pygrid_bob_1,0.02,884.2MiB,4.851GiB,17.80,0B,0B, 30.9MB,48.1GB, 6
07:18:03,da8785a4e074,pygrid_bob_1,0.03,884.2MiB,4.851GiB,17.80,0B,0B, 30.9MB,48.1GB, 6
07:18:06,da8785a4e074,pygrid_bob_1,0.02,884.2MiB,4.851GiB,17.80,0B,0B, 30.9MB,48.1GB, 6
07:18:09,da8785a4e074,pygrid_bob_1,0.02,884.2MiB,4.851GiB,17.80,0B,0B, 30.9MB,48.1GB, 6
07:18:12,da8785a4e074,pygrid_bob_1,0.02,884.2MiB,4.851GiB,17.80,0B,0B, 30.9MB,48.1GB, 6
07:18:15,da8785a4e074,pygrid_bob_1,0.03,884.2MiB,4.851GiB,17.80,0B,0B, 30.9MB,48.1GB, 6
07:18:18,da8785a4e074,pygrid_bob_1,0.02,884.2MiB,4.851GiB,17.80,0B,0B, 30.9MB,48.1GB, 6
07:18:21,da8785a4e074,pygrid_bob_1,0.02,884.2MiB,4.851GiB,17.80,0B,0B, 30.9MB,48.1GB, 6
07:18:24,da8785a4e074,pygrid_bob_1,0.03,884.2MiB,4.851GiB,17.80,0B,0B, 30.9MB,48.1GB, 6
07:18:27,da8785a4e074,pygrid_bob_1,0.02,884.2MiB,4.851GiB,17.80,0B,0B, 30.9MB,48.1GB, 6
07:18:30,da8785a4e074,pygrid_bob_1,0.03,884.2MiB,4.851GiB,17.80,0B,0B, 30.9MB,48.1GB, 6
07:18:33,da8785a4e074,pygrid_bob_1,0.03,884.2MiB,4.851GiB,17.80,0B,0B, 30.9MB,48.1GB, 6
07:18:36,da8785a4e074,pygrid_bob_1,0.03,884.2MiB,4.851GiB,17.80,0B,0B, 30.9MB,48.1GB, 6
07:18:39,da8785a4e074,pygrid_bob_1,0.02,884.2MiB,4.851GiB,17.80,0B,0B, 30.9MB,48.1GB, 6
07:18:42,da8785a4e074,pygrid_bob_1,0.03,884.2MiB,4.851GiB,17.80,0B,0B, 30.9MB,48.1GB, 6
07:18:45,da8785a4e074,pygrid_bob_1,0.02,884.2MiB,4.851GiB,17.80,0B,0B, 30.9MB,48.1GB, 6
07:18:48,da8785a4e074,pygrid_bob_1,0.02,884.2MiB,4.851GiB,17.80,0B,0B, 30.9MB,48.1GB, 6
07:18:51,da8785a4e074,pygrid_bob_1,0.02,884.2MiB,4.851GiB,17.80,0B,0B, 30.9MB,48.1GB, 6
07:18:54,da8785a4e074,pygrid_bob_1,0.02,884.2MiB,4.851GiB,17.80,0B,0B, 30.9MB,48.1GB, 6
07:18:57,da8785a4e074,pygrid_bob_1,0.03,884.2MiB,4.851GiB,17.80,0B,0B, 30.9MB,48.1GB, 6
07:19:00,da8785a4e074,pygrid_bob_1,0.02,884.2MiB,4.851GiB,17.80,0B,0B, 30.9MB,48.1GB, 6
07:19:03,da8785a4e074,pygrid_bob_1,0.02,884.2MiB,4.851GiB,17.80,0B,0B, 30.9MB,48.1GB, 6
07:19:06,da8785a4e074,pygrid_bob_1,0.02,884.2MiB,4.851GiB,17.80,0B,0B, 30.9MB,48.1GB, 6
07:19:09,da8785a4e074,pygrid_bob_1,0.02,884.2MiB,4.851GiB,17.80,0B,0B, 30.9MB,48.1GB, 6
07:19:12,da8785a4e074,pygrid_bob_1,0.02,884.2MiB,4.851GiB,17.80,0B,0B, 30.9MB,48.1GB, 6
07:19:15,da8785a4e074,pygrid_bob_1,0.02,884.2MiB,4.851GiB,17.80,0B,0B, 30.9MB,48.1GB, 6
07:19:18,da8785a4e074,pygrid_bob_1,0.02,884.2MiB,4.851GiB,17.80,0B,0B, 30.9MB,48.1GB, 6
07:19:21,da8785a4e074,pygrid_bob_1,0.02,884.2MiB,4.851GiB,17.80,0B,0B, 30.9MB,48.1GB, 6
07:19:24,da8785a4e074,pygrid_bob_1,0.02,884.2MiB,4.851GiB,17.80,0B,0B, 30.9MB,48.1GB, 6
07:19:27,da8785a4e074,pygrid_bob_1,0.02,884.2MiB,4.851GiB,17.80,0B,0B, 30.9MB,48.1GB, 6
07:19:30,da8785a4e074,pygrid_bob_1,0.02,884.2MiB,4.851GiB,17.80,0B,0B, 30.9MB,48.1GB, 6
07:19:33,da8785a4e074,pygrid_bob_1,0.03,884.2MiB,4.851GiB,17.80,0B,0B, 30.9MB,48.1GB, 6
07:19:36,da8785a4e074,pygrid_bob_1,0.02,884.2MiB,4.851GiB,17.80,0B,0B, 30.9MB,48.1GB, 6
07:19:39,da8785a4e074,pygrid_bob_1,0.03,884.2MiB,4.851GiB,17.80,0B,0B, 30.9MB,48.1GB, 6
07:19:42,da8785a4e074,pygrid_bob_1,54.70,1.073GiB,4.851GiB,22.12,0B,0B, 30.9MB,48.1GB, 6
07:19:45,da8785a4e074,pygrid_bob_1,100.31, 1.811GiB,4.851GiB,37.33,0B,0B, 30.9MB,48.8GB, 6
07:19:49,da8785a4e074,pygrid_bob_1,68.53,1.514GiB,4.851GiB,31.20,0B,0B, 31MB,50.6GB,6
07:19:52,da8785a4e074,pygrid_bob_1,39.83,1.633GiB,4.851GiB,33.66,0B,0B, 31MB,52.3GB,6
07:19:55,da8785a4e074,pygrid_bob_1,99.86,1.446GiB,4.851GiB,29.81,0B,0B, 31MB,53.4GB,6
07:19:58,da8785a4e074,pygrid_bob_1,81.39,984.5MiB,4.851GiB,19.82,0B,0B, 32.1MB,54GB,6
07:20:01,da8785a4e074,pygrid_bob_1,64.11,959.7MiB,4.851GiB,19.32,0B,0B, 32.1MB,54.8GB, 6
07:20:04,da8785a4e074,pygrid_bob_1,48.97,973.1MiB,4.851GiB,19.59,0B,0B, 32.1MB,55.6GB, 6
07:20:07,da8785a4e074,pygrid_bob_1,71.20,973.2MiB,4.851GiB,19.59,0B,0B, 32.1MB,56.1GB, 6
07:20:10,da8785a4e074,pygrid_bob_1,76.36,993.7MiB,4.851GiB,20.01,0B,0B, 32.1MB,56.6GB, 6
07:20:13,da8785a4e074,pygrid_bob_1,52.35,915.9MiB,4.851GiB,18.44,0B,0B, 32.1MB,57.2GB, 6
07:20:16,da8785a4e074,pygrid_bob_1,68.95,984.3MiB,4.851GiB,19.82,0B,0B, 32.1MB,57.7GB, 6
07:20:19,da8785a4e074,pygrid_bob_1,77.45,1011MiB,4.851GiB,20.35,0B,0B, 32.1MB,58.2GB, 6
07:20:22,da8785a4e074,pygrid_bob_1,49.40,916MiB,4.851GiB, 18.44,0B,0B, 32.1MB,58.8GB, 6
07:20:25,da8785a4e074,pygrid_bob_1,66.61,990.5MiB,4.851GiB,19.94,0B,0B, 32.1MB,59.3GB, 6
07:20:28,da8785a4e074,pygrid_bob_1,79.73,1006MiB,4.851GiB,20.26,0B,0B, 32.1MB,59.7GB, 6
07:20:31,da8785a4e074,pygrid_bob_1,51.42,916.1MiB,4.851GiB,18.44,0B,0B, 32.1MB,60.3GB, 6
07:20:34,da8785a4e074,pygrid_bob_1,60.71,1003MiB,4.851GiB,20.20,0B,0B, 32.1MB,60.8GB, 6
07:20:37,da8785a4e074,pygrid_bob_1,78.16,987.7MiB,4.851GiB,19.89,0B,0B, 32.1MB,61.2GB, 6
07:20:40,da8785a4e074,pygrid_bob_1,67.97,1017MiB,4.851GiB,20.48,0B,0B, 32.1MB,61.8GB, 6
07:20:43,da8785a4e074,pygrid_bob_1,50.70,1024MiB,4.851GiB,20.61,0B,0B, 32.1MB,62.4GB, 6
07:20:46,da8785a4e074,pygrid_bob_1,58.24,1.006GiB,4.851GiB,20.73,0B,0B, 32.1MB,63GB,6
07:20:49,da8785a4e074,pygrid_bob_1,72.49,994.1MiB,4.851GiB,20.01,0B,0B, 32.1MB,63.5GB, 6
07:20:52,da8785a4e074,pygrid_bob_1,70.18,1.022GiB,4.851GiB,21.07,0B,0B, 32.1MB,64GB,6
07:20:55,da8785a4e074,pygrid_bob_1,50.29,1.027GiB,4.851GiB,21.17,0B,0B, 32.1MB,64.6GB, 6
07:20:58,da8785a4e074,pygrid_bob_1,55.16,1.027GiB,4.851GiB,21.17,0B,0B, 32.1MB,65.2GB, 6
07:21:01,da8785a4e074,pygrid_bob_1,72.22,1.01GiB,4.851GiB,20.82,0B,0B, 32.1MB,65.7GB, 6
07:21:04,da8785a4e074,pygrid_bob_1,74.00,1.037GiB,4.851GiB,21.39,0B,0B, 32.1MB,66.2GB, 6
07:21:07,da8785a4e074,pygrid_bob_1,52.85,1.044GiB,4.851GiB,21.51,0B,0B, 32.1MB,66.9GB, 6
07:21:10,da8785a4e074,pygrid_bob_1,54.46,1.045GiB,4.851GiB,21.54,0B,0B, 32.1MB,67.5GB, 6
07:21:13,da8785a4e074,pygrid_bob_1,73.65,1.037GiB,4.851GiB,21.38,0B,0B, 32.1MB,67.9GB, 6
07:21:16,da8785a4e074,pygrid_bob_1,75.73,1.072GiB,4.851GiB,22.10,0B,0B, 32.1MB,68.4GB, 6
07:21:19,da8785a4e074,pygrid_bob_1,49.23,1.089GiB,4.851GiB,22.45,0B,0B, 32.1MB,69GB,6
07:21:22,da8785a4e074,pygrid_bob_1,57.15,1.091GiB,4.851GiB,22.49,0B,0B, 32.1MB,69.6GB, 6
07:21:25,da8785a4e074,pygrid_bob_1,76.50,1.079GiB,4.851GiB,22.25,0B,0B, 32.1MB,70.1GB, 6
07:21:28,da8785a4e074,pygrid_bob_1,37.16,1.112GiB,4.851GiB,22.92,0B,0B, 32.1MB,70.7GB, 6
07:21:31,da8785a4e074,pygrid_bob_1,64.21,1.085GiB,4.851GiB,22.36,0B,0B, 32.1MB,71.2GB, 6
07:21:34,da8785a4e074,pygrid_bob_1,68.46,1.071GiB,4.851GiB,22.09,0B,0B, 32.1MB,71.6GB, 6
07:21:37,da8785a4e074,pygrid_bob_1,46.25,1.058GiB,4.851GiB,21.81,0B,0B, 32.1MB,72.2GB, 6
07:21:40,da8785a4e074,pygrid_bob_1,74.34,1.123GiB,4.851GiB,23.14,0B,0B, 32.1MB,72.7GB, 6
